0,0,0,0,13.4
0.05,0,0,0,13.6
0.1,0,0,0,13.8
0.15,0,0,0,14.1
0.2,20.4,29.1,0,14.3
0.25,8.8,11.6,0,14.5
0.3,24.6,22.7,0,14.8
0.35,16.9,18.6,2,19.9
0.4,12,10.8,3.3,25.1
0.45,23.8,18.6,4.6,19.7
0.5,29.9,28.8,5.1,14.3
0.55,27.6,30.9,5.9,12.7
0.6,20.9,26.7,7.2,11
0.65,18.5,24.5,8.2,10.3
0.7,22.4,20.8,5.9,9.6
0.75,28.7,21,2.5,10.8
0.8,28.8,21,11.5,12
0.85,22.7,22.8,6.4,16.9
0.9,20.1,24.3,14.1,21.8
0.95,23,25.2,16.1,24.4
1,24.7,24.7,17.5,27
1.05,22.1,22.3,17.3,30
1.1,19.7,29.3,19.6,33.1
1.15,20.7,20.5,9.8,31
1.2,21.2,21.1,20.3,28.8
1.25,21.5,21.1,21.9,25.3
1.3,21.7,21.5,20.3,21.8
1.35,22.6,43.9,22.4,14.8
1.4,23.2,22.8,15.1,7.7
1.45,23.3,23.5,23.3,8
1.5,24.6,24.7,24.9,8.2
1.55,25.4,26.4,11,10.8
1.6,26.4,26.6,25.7,13.4
1.65,27,27.3,26.7,17.6
1.7,28,28.4,28.2,21.8
1.75,29,43.3,7.2,23.4
1.8,30.2,30.2,30.5,25.1
1.85,33.7,33,31.3,26.7
1.9,33.7,34.6,30.9,28.4
1.95,34.3,34.6,16.6,29.5
2,35.9,36.6,35.1,30.7
2.05,39.3,38.5,34.9,32.1
2.1,38.2,38.7,24.8,33.5
2.15,39.4,40.3,38.9,33.8
2.2,40.5,40.4,9.9,34
2.25,41.8,41.4,40.4,32.6
2.3,45,45.8,41.8,31.2
2.35,46.7,46.8,42.5,27.4
2.4,49.8,48.2,45.4,23.7
2.45,51.7,49.8,46.9,23.4
2.5,54.8,54.4,48,23.2
2.55,54.4,54.3,20.2,26
2.6,54.1,56.1,50.4,28.8
2.65,54,55.2,21.2,29.5
2.7,55.2,54.8,53.5,30.2
2.75,53.2,53.8,21.7,28.6
2.8,52.9,52.9,52,27
2.85,52.2,53.3,53.7,25.1
2.9,51,50.9,54.2,23.2
2.95,46.7,47.7,51.3,20.9
3,48.7,48.5,51,18.5
3.05,48.2,48.5,50.2,19.2
3.1,47.3,60.6,48.8,19.9
3.15,46.6,46.6,19.5,20.9
3.2,45.5,45.6,46.6,21.8
3.25,44.8,44.4,44.3,22.3
3.3,44.1,44.3,45.1,22.7
3.35,43.5,43.3,44.5,23.4
3.4,42.3,42.3,20.8,24.2
3.45,41.9,50.1,42.2,23.2
3.5,41.3,40.2,16.6,22.3
3.55,40.9,39.6,39.8,16.6
3.6,41.1,48.1,39.2,11
3.65,40.4,37.4,38,2.6
3.7,39.9,37.3,37.3,-5.9
3.75,39.5,50.8,35.7,-11
3.8,39.1,36.2,23.9,-16.2
3.85,38.4,35.5,36.3,-17.1
3.9,38.2,69.2,12.9,-18.1
3.95,37.9,34.3,35,-17.4
4,37.5,33.9,33.3,-16.6
4.05,36.7,44.1,12.6,-22.7
4.1,36.1,32.5,21.5,-28.8
4.15,35.7,32.1,32,-27.4
4.2,35.3,63.4,30.7,-26
4.25,35.3,30.9,30.8,-25.6
4.3,34.6,31.3,31,-25.1
4.35,33,61.1,31.8,-30
4.4,32.7,30.9,31.1,-34.9
4.45,32.6,30.5,30.6,-24.4
4.5,32.4,40.8,30.5,-13.8
4.55,32.7,28.6,11.9,-15.7
4.6,32.1,28.7,13.5,-17.6
4.65,31.7,28.1,28,-24.9
4.7,31.5,36.6,28.1,-32.1
4.75,31.4,27,27.9,-38.2
4.8,30.6,27.2,28.1,-44.3
4.85,30.4,26.8,27.5,-41
4.9,30.4,27.2,26.2,-37.8
4.95,30,27.3,26.7,-35.9
5,28.9,28,28.4,-34
5.05,28.5,28.3,29.5,-24.9
5.1,28,52.8,24.2,-15.7
5.15,28.9,30.4,14.6,-2.1
5.2,30.1,30.7,30.9,11.5
5.25,29.7,38.1,30.7,24.9
5.3,28.5,31.8,31.2,38.2
5.35,31.4,32.3,31.5,49
5.4,32.3,69.9,32.9,59.8
5.45,33.9,34.1,33.6,74.6
5.5,41.5,34.7,33.8,89.3
5.55,28.2,34.6,34.9,92.9
5.6,34.6,34.2,34.4,96.4
5.65,37.7,34.5,33.4,97.8
5.7,32.6,35.3,34.9,99.2
5.75,33.6,34.7,34.7,99.7
5.8,35,35.1,33.8,100.1
5.85,36.6,57.5,36.4,99.9
5.9,34.9,35.1,35.6,99.7
5.95,36.3,35.7,35.2,99.9
6,34.7,35.8,36.2,100.1
6.05,37.1,36.4,35.6,96.8
6.1,39.4,37.5,36.3,93.6
6.15,39,38.7,36.4,86.1
6.2,36.7,38.6,36.2,78.6
6.25,37.5,39,38.6,67.1
6.3,40.5,39.9,37.4,55.6
6.35,40.7,41,41,51.6
6.4,41.5,41.3,42,47.6
6.45,40.7,43.1,41.3,44.3
6.5,46.4,44,43.3,41
6.55,45.2,44.7,14,38.9
6.6,46.3,45.7,45.6,36.8
6.65,46,45.9,44.5,34.5
6.7,45.9,46.2,29.6,32.1
6.75,46.5,45.2,46.9,28.1
6.8,46.2,45.6,44.6,24.2
6.85,46.4,55.5,45.4,16.4
6.9,46.6,44.8,18.2,8.7
6.95,46.6,44.4,44.7,5.9
7,46.9,43.7,42.9,3
7.05,46.4,43.8,44.9,-3.8
7.1,46.4,43.6,43.7,-10.6
7.15,46.1,42.5,41.2,-13.4
7.2,46.1,42.2,42,-16.2
7.25,45.9,42,13.6,-20.4
7.3,45.9,53.2,41.5,-24.6
7.35,51.1,52.1,41.9,-31.4
7.4,53.1,53.6,41,-38.2
7.45,52.9,54,42.3,-33.5
7.5,55.3,54.9,11.1,-28.8
7.55,55,55.6,44.8,-18.1
7.6,56.9,56.5,40.2,-7.3
7.65,57,56.4,48.4,-4.9
7.7,58.9,77,49.4,-2.6
7.75,59.1,59.1,32.9,8.4
7.8,59.7,60.1,51.8,19.5
7.85,60.6,61.4,34.5,20.6
7.9,60.2,60.8,54.4,21.8
7.95,62.3,71.7,41.4,19.7
8,61.8,62.6,56,17.6
8.05,63.5,93.5,58.7,16.4
8.1,64.3,64.1,15.3,15.2
8.15,64.7,64.1,62.6,18.3
8.2,67,65.2,61.8,21.3
8.25,65,65.8,64.5,21.8
8.3,62.9,63.8,63.3,22.3
8.35,60,61,64.5,25.3
8.4,59.7,59.6,65.8,28.4
8.45,57.9,88.3,49.6,28.6
8.5,57.8,59.2,59.2,28.8
8.55,58.6,60.2,60.3,26.3
8.6,58.4,59.9,59.6,23.7
8.65,57.9,59.2,62.2,24.4
8.7,56.6,59.1,39.1,25.1
8.75,53.8,56.6,58.4,28.4
8.8,52.6,76.8,58.1,31.7
8.85,53.4,56.4,14.5,33.3
8.9,52.6,74,55.5,34.9
8.95,51.9,55.6,28.6,35.2
9,51.2,55.4,58.9,35.4
9.05,50.2,54.3,54.4,38.2
9.1,49,53.4,57.7,41
9.15,48.5,52.8,53.4,40.8
9.2,47.1,51.7,54.4,40.6
9.25,47.7,51,25,40.8
9.3,46.7,50.5,52.7,41
9.35,46.9,49.5,32.6,39.9
9.4,45.9,49.4,50.6,38.7
9.45,46.3,49.1,49.2,38.5
9.5,45.6,47.9,50.3,38.2
9.55,46,48.1,47.6,37.5
9.6,46.3,47.6,48.4,36.8
9.65,53.3,54.3,50.4,35.6
9.7,47,48.8,49.6,34.5
9.75,47.2,48.5,19.8,34.7
9.8,46.9,48.6,47.9,34.9
9.85,46.8,47.2,12.1,31.9
9.9,46.5,47.6,48.2,28.8
9.95,49,49,45.7,26.3
10,49.6,50.3,49.3,23.7
10.05,49.4,50.2,47.5,23.9
10.1,54,51.3,50.8,24.2
10.15,51.5,54.2,50.7,24.2
10.2,56.3,55.3,53.4,24.2
10.25,53.9,54.1,51.7,24.4
10.3,53.6,53.3,54.1,24.6
10.35,53.8,53.6,51.4,20.9
10.4,55.7,64.8,54.5,17.1
10.45,55.1,54.5,13.8,16.4
10.5,54.5,71.6,53.2,15.7
10.55,55.1,55.2,22,12.4
10.6,57.3,59,53.3,9.1
10.65,58.5,58.6,55.5,7.7
10.7,58.8,70.7,57.5,6.3
10.75,59.7,58.7,54.9,0.9
10.8,60.2,59.5,58.5,-4.5
10.85,60.1,59.3,43.1,-4.9
10.9,60,59.3,56.4,-5.4
10.95,60.1,57.8,57.7,-6.6
11,60.1,58.7,14.5,-7.7
11.05,59.1,57.2,58.6,-8.4
11.1,59.6,57.6,56.6,-9.1
11.15,58.8,55.9,57.5,-8.7
11.2,58.9,53.6,54.2,-8.2
11.25,58.6,55.6,56.6,-12
11.3,59.2,60.4,26.5,-15.7
11.35,63.2,61.6,55.1,-19.5
11.4,62.8,62.2,41.1,-23.2
11.45,62.1,63.6,54.6,-22.5
11.5,63.5,63.3,56.5,-21.8
11.55,63,86.1,55.5,-18.3
11.6,62.8,61.9,57.1,-14.8
11.65,61.8,61.5,23.6,-4.7
11.7,60.9,61,59.8,5.4
11.75,60.7,60.8,58.2,6.1
11.8,60.7,61.1,61.4,6.8
11.85,61.5,61.1,61.1,8.4
11.9,61.7,62,58.7,10.1
11.95,62.8,62.6,61.3,8.2
12,63.2,62.9,61.4,6.3
12.05,63,63.5,63.8,6.6
12.1,62.5,62.1,46.5,6.8
12.15,61.4,61.3,58.9,6.8
12.2,61.5,60.5,61,6.8
12.25,58.4,57.1,59.9,8.2
12.3,55.9,58,60.9,9.6
12.35,57.2,57.9,38.8,11
12.4,55.2,65.7,56.6,12.4
12.45,53.5,54.7,57.4,16.6
12.5,52.6,73.3,54.1,20.9
12.55,51.3,54.3,54.5,25.6
12.6,48.1,82.3,14.9,30.2
12.65,45.4,52.6,52.7,34.2
12.7,45.8,76.3,13.2,38.2
12.75,43,50.6,48.7,41.3
12.8,37.3,48.7,12.3,44.3
12.85,34.2,48.6,46.3,46.7
12.9,33.3,48.4,45.2,49
12.95,33.5,46.9,46.7,60.3
13,33,43.2,45.1,71.5
13.05,24.3,43.9,42.5,75.3
13.1,24.5,43.2,43.5,79
13.15,30.7,42.2,12.3,79.3
13.2,28.2,36.6,38.8,79.5
13.25,22.9,40.5,40.7,81.6
13.3,27.4,39.4,38.2,83.7
13.35,30.2,36.2,36.8,88.9
13.4,24.6,74.3,36,94
13.45,28.9,36.9,17.9,95.7
13.5,32.5,36.9,36.6,97.3
13.55,31.9,46.2,12.9,98
13.6,32.1,35.6,38.3,98.7
13.65,33.2,35.8,37.8,98.7
13.7,33.3,53.5,9,98.7
13.75,39.6,35.7,35.6,98.7
13.8,36.9,35.8,37.7,98.7
13.85,39.2,38.1,14.9,98.7
13.9,36,38.4,36.1,98.7
13.95,38.9,36.1,37,99.2
14,36.2,34.7,34.6,99.7
14.05,34,34.4,33.9,86.5
14.1,33.7,33.4,33.1,73.4
14.15,33.6,65.5,32.2,56
14.2,34.1,33.2,30.9,38.7
14.25,34.1,32,28.4,15.2
14.3,34.3,34,27.1,-8.2
14.35,34.7,35.1,26.5,-25.1
14.4,34.6,35,27,-42
14.45,34.2,66.5,27.2,-55.8
14.5,34.4,34.1,11.5,-69.6
14.55,34,34.3,26.8,-73.2
14.6,33.7,64.6,26.7,-76.7
14.65,34.1,34.3,27.4,-78.3
14.7,34.1,33.8,6.9,-80
14.75,34.2,43.4,13.2,-78.3
14.8,34.9,36.3,27.3,-76.7
14.85,35.3,35.5,29.2,-76.4
14.9,35.5,69.4,20.9,-76.2
14.95,36,35.3,30.6,-71.8
15,35.8,34.9,32.6,-67.3
15.05,35.8,36.1,8.3,-43.6
15.1,37.5,37.7,34.4,-19.9
15.15,38.6,60.3,34.7,-21.1
15.2,40.2,40.6,12.7,-22.3
15.25,42,42.5,36.8,-22.3
15.3,42.7,43.6,38.3,-22.3
15.35,44.5,45.3,15.1,-26
15.4,44.6,46.5,38.9,-29.8
15.45,45.9,47.1,40.8,-27
15.5,46.6,46.3,41,-24.2
15.55,47.4,47.1,44.5,-16.4
15.6,48.3,47.3,18,-8.7
15.65,48.7,48.5,45.7,-4.2
15.7,50,50.2,44.8,0.2
15.75,51,51.7,48.8,-0.9
15.8,53.6,53.9,48.2,-2.1
15.85,54.9,55.7,51.7,-4
15.9,57.2,59.6,51.3,-5.9
15.95,60.2,60.9,54.2,-6.1
16,59.6,77.6,53.3,-6.3
16.05,62.3,61.7,56.3,-5.6
16.1,62.2,84.9,55.2,-4.9
16.15,65,63.3,58.7,-1.4
16.2,63.3,62.8,30.8,2.1
16.25,61,81.9,63.9,6.6
16.3,60.7,61.6,40.6,11
16.35,59.7,61.2,60.7,16.2
16.4,59.8,60.8,60.7,21.3
16.45,55.8,57.6,30.5,22.5
16.5,56,59.1,61.6,23.7
16.55,56.1,57.7,38.4,26
16.6,54.7,75.9,58.2,28.4
16.65,52.4,56.8,58.1,30.2
16.7,49.4,57.7,56.2,32.1
16.75,50.1,55.4,54.3,40.3
16.8,44.7,64,13.7,48.5
16.85,46.2,54.1,52.6,51.1
16.9,45.1,52.9,21.6,53.7
16.95,43.6,52.2,51.3,67.5
17,45.8,51,20.8,81.4
17.05,49.9,51.2,52.5,79.5
17.1,51.6,50.6,20.7,77.6
17.15,48.7,50.9,49.5,71.8
17.2,58.2,53.6,27,65.9
17.25,53.7,54.6,50.4,57.9
17.3,51.9,52.6,27.6,49.9
17.35,52.5,52.7,51.2,49.7
17.4,53.4,53.6,20.7,49.5
17.45,53.7,53.1,50.5,42.4
17.5,52.4,51.9,12.9,35.4
17.55,51.2,51.4,50.8,25.1
17.6,52.2,51.9,12.8,14.8
17.65,52.2,52.7,51.3,12.7
17.7,52.4,52.5,13,10.6
17.75,51.5,51.5,49.7,11
17.8,50.8,50.4,12.7,11.5
17.85,49.5,49.5,49.2,10.3
17.9,49,48.1,46.6,9.1
17.95,47.8,47.4,47.1,10.1
18,47.4,44.7,44.4,11
18.05,46.7,44.1,29.1,9.4
18.1,45.6,61.3,43.4,7.7
18.15,44.2,39.8,40.7,-1.6
18.2,43.2,40.1,40.3,-11
18.25,42.4,38.7,36.1,-11
18.3,41.4,39.2,25.5,-11
18.35,41.1,57.4,36.5,-11.3
18.4,40.4,35.2,12.8,-11.5
18.45,39.6,33.2,32.8,-16.9
18.5,38.4,46.4,26.2,-22.3
18.55,37.8,29.5,27,-31.7
18.6,36.7,29,26.3,-41
18.65,35.7,27.4,25.6,-46.4
18.7,34.3,52.7,25.9,-51.8
18.75,34.2,26.3,27,-58.6
18.8,33.6,25.7,27.2,-65.4
18.85,33.1,27.4,27.8,-65.4
18.9,32.2,29.9,27.8,-65.4
18.95,32.1,27.6,26.2,-64
19,31.1,28.4,27.6,-62.6
19.05,30.5,39,29.2,-49.2
19.1,30.5,29.2,30.9,-35.9
19.15,29.5,30.5,9.2,-24.2
19.2,28.3,30.6,31.5,-12.4
19.25,29.3,41,32.2,6.8
19.3,28.4,30.6,29.5,26
19.35,26,30.6,29.4,39.9
19.4,26,61.2,29.2,53.7
19.45,29,29.1,29.8,71.3
19.5,27.9,28.7,22.1,88.9
19.55,30.9,27.9,28.9,94.5
19.6,29.8,28,29.9,100.1
19.65,25.9,27.7,23.4,100.1
19.7,25.8,27.5,27.5,100.1
19.75,26.5,27.4,27.4,100.1
19.8,27.4,27.6,28.8,100.1
19.85,28.5,27.8,10.1,99.7
19.9,28.9,28.5,28.6,99.2
19.95,29.3,58.1,29.1,99.2
20,29.7,28.8,29,99.2
20.05,29.7,29.3,29.2,99.4
20.1,30.5,29.5,30,99.7
20.15,29.9,30.6,31.4,99.4
20.2,30.8,30.8,18.1,99.2
20.25,29.5,30.9,31.9,99.9
20.3,28.6,44.4,31.3,100.6
20.35,29.4,29.5,28.8,90.5
20.4,29.9,29.9,29,80.4
20.45,30.4,29.8,29.2,63.5
20.5,31.2,54.4,30.3,46.7
20.55,32,30.4,30,29.3
20.6,32.6,32.7,29.7,12
20.65,33.9,44.1,30.6,-1.9
20.7,35.8,37.4,28.8,-15.7
20.75,38,38.3,29.6,-27.4
20.8,39.1,39.3,30.9,-39.2
20.85,40.7,41.9,31.1,-49.9
20.9,42.8,44.3,31.7,-60.7
20.95,44.4,43.7,33.2,-59.1
21,44.2,44.7,34.6,-57.4
21.05,45.6,44.4,35.6,-44.1
21.1,45.1,46.4,36.5,-30.7
21.15,45.4,46.2,38,-18.1
21.2,45.4,46.2,38.6,-5.4
21.25,45.7,46,41.6,3
21.3,46.3,46,10.6,11.5
21.35,46.7,45.9,42.9,5.4
21.4,47.9,47,43.7,-0.7
21.45,49,48.5,30.3,-4.9
21.5,50.2,50,48.5,-9.1
21.55,51,51,47.6,-6.6
21.6,52.2,52.2,53.2,-4
21.65,53.3,53.9,50.6,1.4
21.7,55.9,55,54.5,6.8
21.75,56.5,57.1,36,10.1
21.8,59.3,58.4,56.7,13.4
21.85,59.1,79.6,60,13.8
21.9,61.6,61.6,58.1,14.3
21.95,62.1,84,59.9,14.8
22,63.3,63.6,31.5,15.2
22.05,66.2,65,66.3,16.6
22.1,66.3,65.9,52.4,18.1
22.15,65.5,66,16.6,20.2
22.2,65.5,65.3,65.4,22.3
22.25,63.9,65.8,42.2,22
22.3,63.8,64.9,64,21.8
22.35,61.3,63.1,64,21.6
22.4,59.6,59.4,51.5,21.3
22.45,58.4,60.9,65.6,23.4
22.5,57.2,60.9,49.6,25.6
22.55,55.2,60.5,58.4,29.3
22.6,52.6,59.6,58.8,33.1
22.65,51.7,58.6,59.2,36.3
22.7,48.1,57.4,60.5,39.6
22.75,43.8,57,55.2,42.2
22.8,43.1,56,58.2,44.8
22.85,40.5,55.7,42,48.8
22.9,36.8,54.3,54.2,52.8
22.95,37.6,53.7,53.7,54.4
23,33.6,52.9,52.2,56
23.05,38.6,79,51.9,55.3
23.1,39.7,47.3,44.5,54.6
23.15,42.6,49.8,49,43.6
23.2,46.2,47.8,47.8,32.6
23.25,47.1,46.7,47.9,26.7
23.3,46.7,45.7,46.2,20.9
23.35,46.5,45.1,21.3,14.3
23.4,45.9,43.8,45.3,7.7
23.45,45.9,42.9,43.1,1.2
23.5,45.2,42,40.9,-5.4
23.55,44.2,40.7,39.4,-12
23.6,44,40.1,26.2,-18.5
23.65,43.4,39.4,40.5,-19.9
23.7,42.8,38.7,15.7,-21.3
23.75,42.5,38.6,38.3,-24.4
23.8,41.7,38,38.9,-27.4
23.85,41.8,38,36.5,-27.7
23.9,41.3,71.4,37.5,-27.9
23.95,41.3,37.5,35.5,-28.4
24,41.2,37.4,18.4,-28.8
24.05,41.1,57.5,37.4,-28.6
24.1,42,43.3,13.1,-28.4
24.15,42.9,43,38.7,-29.8
24.2,43.4,40.6,39.3,-31.2
24.25,43.4,41.3,15.7,-29.5
24.3,43.6,41.7,39.9,-27.9
24.35,42.8,42.1,40.6,-23.4
24.4,41.1,81.2,20.3,-19
24.45,40.3,41.6,42.7,-9.1
24.5,40.2,41.6,24.5,0.7
24.55,38.8,41.2,40.3,14.3
24.6,37.4,41.1,40.7,27.9
24.65,36.6,40.6,20.1,39.2
24.7,35.6,40.7,43.6,50.4
24.75,34,40,24.3,59.6
24.8,33.3,39.2,40,68.7
24.85,34,39.3,38.8,72.2
24.9,35.4,39.4,37.7,75.7
24.95,46.5,39.9,40.3,80
25,40.9,43,32.8,84.2
25.05,38.9,41.7,39.6,84.6
25.1,43.8,42.6,41.5,85.1
25.15,46.2,44.8,40.1,85.1
25.2,45.7,44.1,42.8,85.1
25.25,43.5,44.5,12.8,83.7
25.3,42.4,44.6,42,82.3
25.35,44.1,45.2,43.6,73.9
25.4,45,45.4,41.5,65.4
25.45,44.3,45.2,45.5,52.8
25.5,44.4,43.5,17.4,40.1
25.55,43.3,43.9,43.4,32.4
25.6,44.5,44.4,43.7,24.6
25.65,45,45.2,46.3,22.3
25.7,46,46.2,46.7,19.9
25.75,46.5,46.6,45,20.2
25.8,47.2,47.6,48.6,20.4
25.85,48.3,48.6,46.7,20.2
25.9,49,48.6,47.5,19.9
25.95,49.5,47.6,19.2,18.5
26,49.1,47.6,46.5,17.1
26.05,49.4,61.2,43.7,8.2
26.1,48.5,46,45.3,-0.7
26.15,48.6,45.3,45.1,-8.7
26.2,48.4,44.9,21.5,-16.6
26.25,48.2,44.7,45.4,-18.3
26.3,47.9,44.1,43.8,-19.9
26.35,47.3,42.6,42.3,-20.6
26.4,46.6,73.1,40.6,-21.3
26.45,46.5,43.5,42,-29.3
26.5,46.1,45.9,41.7,-37.3
26.55,48.2,48.3,40.1,-43.1
26.6,50.9,48.5,40.7,-49
26.65,49.6,46.1,40,-42.7
26.7,50.1,49.9,42.7,-36.3
26.75,50.8,53.4,43.3,-31.7
26.8,52.1,54.5,43.1,-27
26.85,53.5,52.8,43.7,-25.6
26.9,52.3,54.6,11.7,-24.2
26.95,53,53.1,47.5,-13.8
27,52.8,52.9,47,-3.5
27.05,53.1,52.8,50.1,2.3
27.1,54.7,55.8,48.7,8.2
27.15,56.7,56.8,52,2.3
27.2,57.3,57.4,51.7,-3.5
27.25,59.6,58.5,54.2,-6.8
27.3,59.9,69.2,14.9,-10.1
27.35,61,60.9,57.3,-7
27.4,62.1,61.8,29.9,-4
27.45,62.6,63.2,63,1.2
27.5,63.6,63.6,41.5,6.3
27.55,62.9,84.1,62.2,10.8
27.6,62.1,63.8,63.4,15.2
27.65,61.1,63.1,63.7,20.9
27.7,60.1,63.1,65.5,26.5
27.75,58.2,61.9,64.5,30.5
27.8,54.9,58.8,59,34.5
27.85,50.2,60.1,61.2,35.4
27.9,51.9,59.8,59.2,36.3
27.95,49.9,58.3,63.8,40.3
28,49.6,57.4,38.5,44.3
28.05,49.6,57.6,56.6,45
28.1,51.5,56.3,55.5,45.7
28.15,54.8,55,46.4,45.5
28.2,53.9,56.3,55.5,45.3
28.25,64.6,58.9,22.5,49.9
28.3,61.7,59.2,57.8,54.6
28.35,58.7,58.5,55.6,57.4
28.4,58.7,59.4,59.5,60.3
28.45,59,60.3,37.1,60.7
28.5,62.8,60.4,59.6,61.2
28.55,60.1,61.1,58.8,58.2
28.6,59.6,61.1,56.9,55.1
28.65,60.6,60.8,58,44.8
28.7,60.5,61.1,44.3,34.5
28.75,62.1,61.6,62.6,32.1
28.8,59.7,61,38.9,29.8
28.85,60.6,61.6,60.5,29.8
28.9,61,61.8,61.8,29.8
28.95,62.8,61.5,24.9,29.5
29,61.8,62,61.8,29.3
29.05,60.9,60.3,58.7,25.8
29.1,60.4,58.9,60.4,22.3
29.15,59.2,58.4,59,15.9
29.2,58,66.6,55.7,9.6
29.25,54.5,50.2,55.5,7.5
29.3,55.5,51.9,13.6,5.4
29.35,54.7,52,51.6,2.6
29.4,54.2,48.5,12.7,-0.2
29.45,53.2,49.4,49.3,-2.8
29.5,52.5,46,46.6,-5.4
29.55,51.3,47.5,47.8,-10.1
29.6,50.9,45.2,46.3,-14.8
29.65,50.4,46,47.7,-15.2
29.7,50.2,62.9,46.7,-15.7
29.75,49.5,46.4,44.2,-17.6
29.8,49.7,46.6,46.1,-19.5
29.85,49.4,51.6,44.4,-23
29.9,50.8,55,43.5,-26.5
29.95,52.1,53.1,42.8,-35.4
30,51.5,50.2,45,-44.3
30.05,50.5,49.7,45.6,-43.4
30.1,52.6,53.7,44.4,-42.4
30.15,55.1,55.7,46.5,-36.3
30.2,55,56.3,46.8,-30.2
30.25,55.1,55,47.7,-18.1
30.3,54.7,84,12.5,-5.9
30.35,55.2,55,50.7,0.2
30.4,55.6,62.8,13.1,6.3
30.45,55.8,55,52,6.3
30.5,55.9,74.8,21.9,6.3
30.55,56,55.9,54.7,5.4
30.6,54.7,54.7,55.1,4.5
30.65,53.7,55,56.2,7.5
30.7,52.4,54.3,53,10.6
30.75,51.9,54.3,58.4,20.4
30.8,50.5,54,35.1,30.2
30.85,50.3,53.6,56,32.8
30.9,49.2,52.8,35.5,35.4
30.95,48,52,53.9,39.2
31,48.9,52.3,34.9,42.9
31.05,52,52.7,51.7,44.3
31.1,54.8,59.4,40.1,45.7
31.15,58.7,57,55.2,38.9
31.2,56.7,56.4,56.2,32.1
31.25,57.2,57.4,55.6,34.5
31.3,58.4,58.9,57,36.8
31.35,59.5,58.8,23.6,41.7
31.4,62,59.5,59.7,46.7
31.45,58.5,59.2,57.8,42.9
31.5,59.2,59.7,61,39.2
31.55,58.9,59.7,60.4,33.1
31.6,60.9,79.4,57.1,27
31.65,60.6,60.8,59.8,29.3
31.7,60.8,60.5,49.1,31.7
31.75,62.9,61.3,64.4,34.9
31.8,61.3,61.3,40.7,38.2
31.85,61.2,61.4,56.6,43.6
31.9,60.3,61.2,58.9,49
31.95,60.3,60.1,30.4,52.1
32,60.7,60.4,62.9,55.1
32.05,58.7,60.1,38.7,55.3
32.1,59.7,59.6,60.5,55.6
32.15,59,59.2,60.1,55.3
32.2,60,77.1,56.2,55.1
32.25,57.9,58.2,57.4,53.9
32.3,59.5,57.2,29.2,52.8
32.35,55.5,57,58.5,53.5
32.4,56.3,56.1,54.4,54.2
32.45,55.6,55.2,57.9,53.2
32.5,51.6,54.1,35.6,52.3
32.55,52.2,52,53.6,47.6
32.6,51.8,50.1,25.2,42.9
32.65,49.8,46.3,50.7,23.7
32.7,50.2,46.7,48.6,4.5
32.75,49.8,48.4,49.3,3.5
32.8,49.8,47.6,46.6,2.6
32.85,49.7,47.5,48.8,0
32.9,50,49.3,23.7,-2.6
32.95,50.8,53.4,47.2,-8
33,52.7,54.7,12,-13.4
33.05,55.2,56,48,-13.6
33.1,56.2,57.4,46,-13.8
33.15,60.7,59.9,50.6,-19.2
33.2,60.1,62.6,50.6,-24.6
33.25,62.1,62.3,53.7,-18.3
33.3,60.6,62.9,53.8,-12
33.35,60.3,60,56.1,0.2
33.4,59.8,60.4,23.2,12.4
33.45,60.8,60,58.5,7.5
33.5,61.3,60.7,58.4,2.6
33.55,60.7,60.8,61.3,-0.2
33.6,62,61.4,45.7,-3
33.65,62.7,62.5,59.2,1.9
33.7,62.6,61.9,60.2,6.8
33.75,62.6,62.6,30.6,4.9
33.8,61.4,61.3,62.3,3
33.85,61.2,60,39.8,0.5
33.9,60.5,60,60.1,-2.1
33.95,58.8,58.1,59.6,1.9
34,56.9,54.8,14.7,5.9
34.05,58.1,56.2,57.4,7
34.1,58.3,55.8,56.5,8.2
34.15,56.7,54.2,56.2,1.9
34.2,57.3,53,53.1,-4.5
34.25,56.6,52.2,56.5,-8
34.3,56.2,51.9,51,-11.5
34.35,55.5,51.1,53.3,-12.7
34.4,55.6,50.8,50,-13.8
34.45,55.2,52.9,51.8,-17.4
34.5,56.4,94.4,48.5,-20.9
34.55,61.7,60.7,52.1,-26.3
34.6,59.4,100.8,50.4,-31.7
34.65,60.2,60.2,53.3,-23.2
34.7,61.2,60.3,52,-14.8
34.75,60.6,62,57.4,-11.5
34.8,60.9,60.3,37.2,-8.2
34.85,59.8,59.8,59.7,3.5
34.9,60.6,60.6,60.7,15.2
34.95,61,69.6,15.4,19.9
35,62.5,62,60.7,24.6
35.05,62.2,62.3,60.9,24.9
35.1,63.1,73.6,63.9,25.1
35.15,62.4,62.5,62.7,24.6
35.2,61,61.4,15.7,24.2
35.25,60.7,61.4,61.2,21.1
35.3,59.1,60,59.6,18.1
35.35,53,67.1,62,18.5
35.4,54.8,58.7,60.3,19
35.45,53.6,58.2,56.8,26.7
35.5,51.6,57,56.7,34.5
35.55,52.1,56.1,23.2,35.2
35.6,50.3,54.9,56.3,35.9
35.65,49.6,53.8,44.7,37.5
35.7,46.8,53.8,56.7,39.2
35.75,47.1,53.1,52,43.1
35.8,42.5,52.4,55.3,47.1
35.85,44.9,51.8,51.4,47.1
35.9,45.1,50.4,53.9,47.1
35.95,44.2,50,49.4,47.4
36,45.1,49.4,53.1,47.6
36.05,44.6,48.3,48.2,47.6
36.1,44.6,47.9,51.3,47.6
36.15,44,47.8,47.3,44.6
36.2,43.9,47.7,49.8,41.5
36.25,42.4,47.5,30.1,45.7
36.3,41.7,47,46.7,49.9
36.35,41.2,45.9,14.2,53.5
36.4,40.9,46.3,44.7,57
36.45,43,45.6,44.3,58.6
36.5,42.8,44.6,33.6,60.3
36.55,45,44.5,46.1,66.4
36.6,44.9,44.1,42.8,72.5
36.65,43.1,43.8,44,79
36.7,38.9,42.5,10.4,85.6
36.75,49.7,42,41.6,87.7
36.8,44,42.2,41.6,89.8
36.85,37.8,43.3,40.3,94
36.9,42.4,42,41.7,98.2
36.95,41.2,40.9,19.6,98
37,43.9,42.3,41.4,97.8
37.05,42.1,42.6,43.3,96.4
37.1,43.4,42.5,40.7,95
37.15,43.2,42.6,43,85.4
37.2,43,43.2,22.3,75.7
37.25,42.5,43.4,43,74.8
37.3,44.1,44.5,42.4,73.9
37.35,44.5,43.3,28.3,67.8
37.4,43.9,43.7,45.9,61.7
37.45,43.9,44.1,43.5,50.9
37.5,45.2,45.3,44.4,40.1
37.55,45.8,46.5,11.5,39.4
37.6,46.6,46.8,46.7,38.7
37.65,48.1,47,45.4,31.7
37.7,49.5,48.7,48.2,24.6
37.75,50.7,84.9,49.5,22.5
37.8,51.5,51.1,33.2,20.4
37.85,53.2,80.5,52,16.2
37.9,53.7,52.5,34.1,12
37.95,52.5,86.6,52.5,10.3
38,51.8,51,34.1,8.7
38.05,51.4,68,52.2,8.4
38.1,50.4,50.4,33.9,8.2
38.15,49.2,61.4,52.1,11.7
38.2,48.2,49.3,24.7,15.2
38.25,47.3,49.5,50.8,19.5
38.3,44.1,47.5,48,23.7
38.35,43.5,47,51.1,29.1
38.4,43.4,47.1,45.9,34.5
38.45,43,46.2,47.1,37.5
38.5,42.7,45.2,34.5,40.6
38.55,41.8,44.7,42.6,41
38.6,40.6,44.6,44.5,41.5
38.65,39.5,43.8,44.6,42.7
38.7,38.8,44.6,45.3,43.8
38.75,38.7,43.7,21.1,51.8
38.8,38.1,43.2,45.9,59.8
38.85,38.4,42.9,32.5,62.1
38.9,37.4,43,43,64.5
38.95,41.7,41.7,41.3,67.8
39,44.5,44.1,42.5,71
39.05,43.7,44.9,44.9,67.8
39.1,45.5,43.7,42.7,64.5
39.15,45.2,44.1,43.7,59.1
39.2,42.8,45,17.9,53.7
39.25,44,45.5,44.7,48.1
39.3,46.8,45.6,43.8,42.4
39.35,49.9,47.3,46.8,42.4
39.4,48.7,48.7,47,42.4
39.45,48.7,48.5,31.8,43.1
39.5,50.9,49.2,49.9,43.8
39.55,52.6,51.3,24.1,45.5
39.6,51,52.8,52.7,47.1
39.65,54.5,52.8,33.5,44.6
39.7,57.3,55.5,54.9,42
39.75,58.3,58,35.8,40.8
39.8,57.5,58.3,56.2,39.6
39.85,58,59.5,58.2,39.2
39.9,60.8,63.2,55.6,38.7
39.95,62.3,61.6,59.8,38.7
40,61.8,61.5,30.4,38.7
40.05,61.8,61.5,62.1,31
40.1,62.7,63.8,39.8,23.2
40.15,65.3,64.2,62.7,22.7
40.2,65.2,66.4,65.2,22.3
40.25,67.3,67.1,65.6,27
40.3,71.3,68.3,68.4,31.7
40.35,69.6,70.5,67.1,31.7
40.4,70.2,71.2,68.9,31.7
40.45,74.2,71.1,71.7,33.1
40.5,71.1,73.4,70.1,34.5
40.55,72.2,74.7,70.9,34
40.6,77.4,75.1,72.2,33.5
40.65,78.1,75.2,73.8,32.6
40.7,75,77.4,55.8,31.7
40.75,77,77.8,38.4,28.4
40.8,81.5,78.3,79.3,25.1
40.85,79.3,79.6,77.6,25.3
40.9,76.4,78.3,59.7,25.6
40.95,76.5,78.6,40,25.8
41,78,78.7,78.8,26
41.05,75.4,77.9,80.2,26.7
41.1,71.6,73.5,79.2,27.4
41.15,73.7,76,75.8,27
41.2,73,74.4,74.3,26.5
41.25,72.5,74,75.9,26.5
41.3,80.8,80,57.6,26.5
41.35,75.6,76.4,38.6,25.8
41.4,74,75.3,77.6,25.1
41.45,73.3,75.3,75.2,25.1
41.5,73.5,74.3,50.1,25.1
41.55,72.9,72.9,18.8,24.4
41.6,71.9,72.3,75.5,23.7
41.65,70.9,70.8,72.3,22.3
41.7,69.2,69.1,70.2,20.9
41.75,68.2,67.8,70.4,19.9
41.8,67,67.1,67.2,19
41.85,66,64.9,37.7,18.1
41.9,64.7,72.9,66.2,17.1
41.95,64.7,60.5,46.5,12.4
42,63.6,59.2,54.8,7.7
42.05,62.1,55.8,52.4,1.2
42.1,61.4,49.6,52.1,-5.4
42.15,61.6,51.2,49.1,-11.7
42.2,59,51.6,43.5,-18.1
42.25,58.3,43.2,52.6,-20.6
42.3,58.4,46.8,50.6,-23.2
42.35,57.7,54.8,52.6,-23.9
42.4,56.1,56.4,49.3,-24.6
42.45,56.8,57.5,51.9,-23.4
42.5,64,63.8,48.7,-22.3
42.55,64.8,75.6,52.1,-20.9
42.6,62.8,64.8,50.6,-19.5
42.65,64.3,65.4,53.3,-16.2
42.7,67.4,77.3,51.4,-12.9
42.75,67,68.5,52.9,-5.9
42.8,67.3,68.7,51.5,1.2
42.85,70.4,69.8,53.5,2.3
42.9,70.9,71.6,14.3,3.5
42.95,71.8,69.4,58.3,15
43,70,69.5,58.9,26.5
43.05,63.1,65,64.1,40.3
43.1,57.8,83.8,65.9,54.2
43.15,57.8,63.3,19.7,59.8
43.2,55.1,62.7,64.3,65.4
43.25,57,61.6,60.3,58.6
43.3,58.3,61.2,62.9,51.8
43.35,58.8,59.6,60.6,50.4
43.4,57.2,59.2,15.2,49
43.45,54.6,58.8,59.2,48.3
43.5,55.1,58.7,57,47.6
43.55,55.3,57.4,60.5,45
43.6,60.5,97.5,37.9,42.4
43.65,56.3,60.2,58.3,36.8
43.7,58.3,58.8,59.3,31.2
43.75,59.9,59.9,15.1,33.3
43.8,61.7,61.7,59.4,35.4
43.85,62.5,63.1,60.1,42.7
43.9,61.7,62.4,63.7,49.9
43.95,62.3,62.4,45.8,53.2
44,62.6,62.7,59.8,56.5
44.05,63.7,62.4,60.1,56.3
44.1,65,73.1,61.4,56
44.15,65.2,65.2,64.6,55.6
44.2,65.8,65,50.2,55.1
44.25,66.5,66.4,60,52.3
44.3,66.4,67.4,63.3,49.5
44.35,69.7,68.5,63.1,47.1
44.4,71.4,70.4,65.6,44.8
44.45,68.5,69.7,64.7,43.8
44.5,69.3,69.1,32.8,42.9
44.55,69.5,70.3,68.3,31.9
44.6,69.7,69,65.8,20.9
44.65,68.4,67.4,16.4,13.6
44.7,67.3,65.8,64,6.3
44.75,67.5,64,42.2,-2.8
44.8,67.2,69,63.9,-12
44.85,68.9,71.2,63.5,-9.6
44.9,69.8,67.7,32.5,-7.3
44.95,68.8,67.4,64.4,-7.7
45,68.4,69,48.7,-8.2
45.05,68.3,67.4,63.7,-8
45.1,68.8,68.6,65.1,-7.7
45.15,68.5,68,43,-5.6
45.2,68.2,68.3,63.6,-3.5
45.25,69.4,70.4,65,-5.4
45.3,69.5,70,64.4,-7.3
45.35,69.1,68.9,65.4,-12.7
45.4,69.2,70.1,65.3,-18.1
45.45,70.3,71.4,16.2,-19.2
45.5,70.5,69.4,64.1,-20.4
45.55,71.7,69.9,41.9,-19.5
45.6,72.5,73.5,63.2,-18.5
45.65,73.7,74.9,64.7,-16.4
45.7,75,74.7,65.9,-14.3
45.75,74.8,99.3,69.5,-9.6
45.8,74.2,74.3,69.2,-4.9
45.85,72.9,73.5,71.1,5.4
45.9,74.2,72.7,72,15.7
45.95,74.8,74.1,72.4,17.8
46,74.4,74.5,54.5,19.9
46.05,75.5,75.2,71.4,15.2
46.1,76.4,94.9,77,10.6
46.15,76.9,76.5,75.6,9.1
46.2,75.2,75.7,73.9,7.7
46.25,74.3,73.7,73.3,10.3
46.3,72,73.4,74.3,12.9
46.35,71.1,72.1,54.1,15
46.4,67.5,66.6,17.9,17.1
46.45,63.9,67,70.9,18.1
46.5,65.5,67.9,52.3,19
46.55,63.3,63.7,17,21.8
46.6,61.4,64.9,67.6,24.6
46.65,61.2,63.6,42.5,26.3
46.7,56.5,62.5,62.7,27.9
46.75,54.3,61.9,60,29.1
46.8,51.1,60.1,61.2,30.2
46.85,50.2,58.6,62.4,33.8
46.9,42.4,57,37.2,37.3
46.95,36.7,56.9,58.1,37
47,21.5,53.6,55.3,36.8
47.05,13.5,52.4,51.9,37.8
47.1,28.7,51.2,49.3,38.7
47.15,17.1,46.9,45.7,44.6
47.2,7.9,46.1,41.9,50.4
47.25,3.2,45.8,39.7,65
47.3,7,41.7,30.8,79.5
47.35,3.2,39.1,36.1,88.6
47.4,11,35.3,38.2,97.8
47.45,3,37.4,12.6,98
47.5,1.7,35,36.6,98.2
47.55,1.4,61.5,35.9,98.2
47.6,3.3,34,8.5,98.2
47.65,3.3,34.1,35,98
47.7,17.2,62.8,35.4,97.8
47.75,28.9,31.8,12.5,91.9
47.8,33.1,31.6,21.1,86.1
47.85,37.3,37.6,31.6,64
47.9,35,33.5,30.2,42
47.95,34.1,32,29.8,6.6
48,34.6,45.7,27.4,-28.8
48.05,34.2,30.4,27.1,-35.2
48.1,33.5,31.9,11.2,-41.5
48.15,32.7,35.6,18.1,-59.6
48.2,31.9,33.7,5.7,-77.6
48.25,32.9,29.8,23.1,-75.3
48.3,31.6,31.8,24.5,-72.9
48.35,31,33.7,10.8,-78.6
48.4,33.2,35.2,24.7,-84.2
48.45,33.4,33.6,26,-84.9
48.5,33.2,47.6,27.2,-85.6
48.55,34.5,31.9,26.1,-82.5
48.6,34.6,32.4,28.2,-79.5
48.65,34.2,33.8,30.1,-66.1
48.7,34.9,34.6,32.1,-52.8
48.75,35.2,34.5,33.1,-35.6
48.8,35.6,35.8,34.9,-18.5
48.85,37.2,36.9,36.1,-12.7
48.9,37.8,37.7,36.3,-6.8
48.95,38.9,39.2,37.7,-2.8
49,40.5,41.1,38.2,1.2
49.05,41.3,82,19.7,3
49.1,42.5,42.4,42.6,4.9
49.15,42.9,43.5,17.4,6.8
49.2,45.5,44.5,44,8.7
49.25,45.7,46.1,44.3,17.8
49.3,47,46.7,46.2,27
49.35,49.2,47.3,46.7,38
49.4,48.3,46.8,30.9,49
49.45,47.2,47.8,49.5,51.1
49.5,47.4,58.9,48.4,53.2
49.55,48.4,48.7,51.6,54.6
49.6,47.8,50,48,56
49.65,49.7,49.9,50.7,57
49.7,51.6,50.5,49.8,57.9
49.75,53.1,52,53.4,59.8
49.8,52.8,52.9,25.5,61.7
49.85,53.8,53.3,51.9,60.3
49.9,50.4,52.7,25.9,58.9
49.95,50.5,51.1,50.5,53
50,49.9,49.8,20,47.1
50.05,49.7,48.6,47.3,34.9
50.1,49.7,48.1,14.3,22.7
50.15,49.4,47,45.8,11.3
50.2,49.1,46.6,44.3,-0.2
50.25,49,45.6,29.7,-5.9
50.3,49.2,47.1,45.4,-11.5
50.35,49,102.8,42.7,-16.4
50.4,50.5,55.4,43.6,-21.3
50.45,54.8,55.5,11,-25.8
50.5,54.6,56.4,44,-30.2
50.55,55.9,55.8,43.2,-34.7
50.6,56.9,57.7,29.9,-39.2
50.65,59.5,58.4,47.2,-38.2
50.7,59.2,68.8,45.4,-37.3
50.75,58.7,57.9,48.2,-29.1
50.8,56.3,89.4,48.7,-20.9
50.85,56.5,56.3,48.9,-6.3
50.9,54.9,55.1,19.8,8.2
50.95,54.3,54.3,49.4,11.7
51,53.6,54.2,12.6,15.2
51.05,53.8,54.3,50.1,18.5
51.1,54.6,55.5,14.6,21.8
51.15,55.5,54.9,51.6,19.9
51.2,55.7,54.9,13.5,18.1
51.25,56.1,55.9,53.8,14.8
51.3,57.9,57.6,28,11.5
51.35,57.9,68.1,56.4,7.7
51.4,58,58,57.2,4
51.45,56.3,57.7,60.2,8.2
51.5,56.8,59,44.2,12.4
51.55,56.4,97.5,58,20.4
51.6,56,58.9,58.3,28.4
51.65,55.2,58.4,31.2,33.5
51.7,54.3,58,62.6,38.7
51.75,48.8,57.9,57,43.8
51.8,51.7,77,60.2,49
51.85,54.6,56.9,37.6,55.6
51.9,55.2,56.7,56.2,62.1
51.95,59.6,56.3,55.5,62.8
52,58.4,58.5,54.4,63.5
52.05,56.8,57.7,54.7,63.5
52.1,57,56.8,13.9,63.5
52.15,57.5,57.4,56.5,61.9
52.2,61.1,60.4,28.4,60.3
52.25,62.1,83.2,59.8,58.6
52.3,65.7,64.7,55.3,57
52.35,66.3,65.9,60.1,49.7
52.4,68.9,68.1,44.1,42.4
52.45,68.7,68.8,57.9,33.5
52.5,66.5,65.5,60.8,24.6
52.55,64.4,65,30.6,15.5
52.6,63.9,63.1,62.5,6.3
52.65,63.5,62.9,40.2,1.4
52.7,63.6,64.1,61,-3.5
52.75,62.5,63.4,57.5,-3.3
52.8,62.1,83,15.3,-3
52.85,61.3,58.6,59.8,-0.9
52.9,60.3,57.1,56.3,1.2
52.95,54.4,51.6,54.8,0.9
53,56.8,41.7,49.1,0.7
53.05,56.7,32.1,48.8,-0.9
53.1,55.5,45.7,43.1,-2.6
53.15,50.6,36.3,44.6,-11
53.2,54,28.9,12.4,-19.5
53.25,53.7,39.5,46.7,-19.5
53.3,51.8,32.6,45,-19.5
53.35,51.6,35.2,47.4,-21.3
53.4,51.4,41,46,-23.2
53.45,50.6,47.6,30.4,-20.4
53.5,49.2,50.3,47,-17.6
53.55,49.6,51.9,44.8,-10.6
53.6,53.8,56.9,46.7,-3.5
53.65,54.1,52.9,46.1,-5.9
53.7,51.1,49.2,46.9,-8.2
53.75,50.3,48.5,12.2,-8.2
53.8,49.4,49.3,48.4,-8.2
53.85,49,48.9,46.5,-5.9
53.9,47.8,49,48.6,-3.5
53.95,47.7,47.8,46.8,2.3
54,47,48.2,48.6,8.2
54.05,46.8,47.8,48.4,13.8
54.1,46.4,47.9,31.7,19.5
54.15,46.3,46.9,49.8,22.3
54.2,45.8,47.8,46.7,25.1
54.25,46.5,48.3,52.1,30.2
54.3,47.9,48.5,47.3,35.4
54.35,47.1,58.8,51.4,42.4
54.4,49.4,48.4,39.4,49.5
54.45,49.6,48.2,49.5,51.6
54.5,50.4,49.8,19.7,53.7
54.55,50.1,50.4,49.3,59.8
54.6,49.5,49.9,12.4,65.9
54.65,49.8,50.5,45.5,66.4
54.7,52.1,52.6,14.5,66.8
54.75,53.1,53.5,50.5,66.8
54.8,53.9,54,49.7,66.8
54.85,54.4,53.8,49.8,65.4
54.9,53.6,54,49.7,64
54.95,53.8,53.6,52,59.3
55,53.1,52.5,49,54.6
55.05,50.8,50.7,50.1,40.8
55.1,51.4,50.1,47.7,27
55.15,50.8,50.7,50.4,14.1
55.2,51.1,51.5,48.7,1.2
55.25,51.1,52.2,52.2,3
55.3,52.5,52.3,48,4.9
55.35,52.1,51.6,51,7
55.4,53.9,55.8,50,9.1
55.45,55.4,57.9,51.8,2.8
55.5,57.4,57.6,50.3,-3.5
55.55,58.2,97.9,51.6,-8
55.6,59.5,60.8,51,-12.4
55.65,60.9,59.9,54.4,-23
55.7,59.9,60.5,53.1,-33.5
55.75,60.7,59.5,57.4,-21.3
55.8,60.5,80.6,14.5,-9.1
55.85,62,61.6,57.8,-2.1
55.9,63.9,65.1,57.4,4.9
55.95,66.6,67.8,61.3,-3.3
56,69,68.7,39.8,-11.5
56.05,70.3,70.5,60.6,-12
56.1,71.2,71.2,63,-12.4
56.15,72,71.4,64.9,-8.2
56.2,73.2,71.6,68.6,-4
56.25,71.8,72.9,69,2.6
56.3,71.2,71.8,35.5,9.1
56.35,69.9,69.6,72.2,11.5
56.4,69,69.9,70.1,13.8
56.45,69.3,70,69.8,13.8
56.5,68.2,68.2,69.5,13.8
56.55,65.4,67.3,68.4,13.6
56.6,67.5,67.5,67,13.4
56.65,66.7,66.4,68.1,12.9
56.7,68.1,69.6,67.1,12.4
56.75,75.8,72.2,68.7,13.1
56.8,72.7,72.2,71.9,13.8
56.85,71.8,89.7,71.7,15.7
56.9,73.9,74.4,71.3,17.6
56.95,75.3,75,72.5,20.2
57,76,75.2,75.4,22.7
57.05,76.5,77.6,60.7,23.7
57.1,77,78.6,44.2,24.6
57.15,81.2,79.5,78,25.8
57.2,80.6,80.3,80.1,27
57.25,81.7,82,80.9,27.2
57.3,82,83.3,79.7,27.4
57.35,84.7,84.5,20.8,30.7
57.4,86.5,84.8,85.1,34
57.45,85.5,85,83.4,36.6
57.5,84.7,84.2,85.3,39.2
57.55,83.7,85.2,81.4,39.6
57.6,83.3,85,33.8,40.1
57.65,85,84,83.2,39.2
57.7,85.1,83.6,85.8,38.2
57.75,83.3,83.7,81.7,37.8
57.8,82.8,83.8,61.6,37.3
57.85,85.4,84.8,41.7,37
57.9,85.4,85.5,82.4,36.8
57.95,85,84.6,86.1,31.9
58,84.5,84,81.6,27
58.05,84.6,84.4,61.5,19.2
58.1,84.7,85.6,48.4,11.5
58.15,86.2,86.2,83.3,14.8
58.2,87,86.8,88.1,18.1
58.25,86.1,85.4,84.6,19.9
58.3,85.1,83.7,87,21.8
58.35,83.8,83.2,61.5,15.7
58.4,80.5,80.7,33.8,9.6
58.45,80.1,80.6,81.3,11.7
58.5,78.4,78.9,79.6,13.8
58.55,77.8,76.7,79.3,11.7
58.6,76.1,76,75.9,9.6
58.65,75.9,74.7,73.5,8.4
58.7,75.2,72.5,73.5,7.3
58.75,74.2,71.7,47.9,6.1
58.8,73.1,70.6,68,4.9
58.85,73,69.2,69.5,1.2
58.9,72.6,91.1,52,-2.6
58.95,71.5,69.9,17.3,-6.3
59,72,70.8,68.9,-10.1
59.05,72.7,75.3,51.1,-11.7
59.1,73.5,74.6,64.3,-13.4
59.15,73.5,73.4,66.3,-13.1
59.2,74.7,73.7,50.4,-12.9
59.25,75.6,74.3,64.8,-12.4
59.3,75.3,75.9,68.4,-12
59.35,75.8,76,44.6,-14.1
59.4,77.9,76.8,67.7,-16.2
59.45,78.5,78.3,67.9,-11.3
59.5,79.3,79.7,45.7,-6.3
59.55,80.3,79,67.9,-0.7
59.6,81.7,78.6,73.4,4.9
59.65,79.8,79.4,59.9,13.1
59.7,77.9,78.8,38.7,21.3
59.75,76,77.2,76.6,24.2
59.8,75.7,75.3,76.1,27
59.85,75.5,93.5,56.9,26.3
59.9,74.6,74.7,30.3,25.6
59.95,73.2,74.1,76.7,19.5
60,72.6,73,73.3,13.4
60.05,71.1,72.2,72.1,17.6
60.1,68.5,71,71.6,21.8
60.15,68.6,70.3,71.4,22.7
60.2,68.3,71.3,46.9,23.7
60.25,67.2,70,68.6,26.7
60.3,66.8,69.8,74.1,29.8
60.35,67.2,70.4,52.6,33.1
60.4,67.2,69.5,28,36.3
60.45,67.8,68.4,73.4,38.9
60.5,68.4,68.5,69.9,41.5
60.55,71.8,69.5,27.6,41.3
60.6,70.8,70.3,72.9,41
60.65,68.5,69.8,69.5,40.8
60.7,70.2,70.9,28.1,40.6
60.75,72.1,71.2,73.6,39.4
60.8,73.2,71.5,70.2,38.2
60.85,71.7,73.9,35.7,38.5
60.9,75,74.4,73.8,38.7
60.95,74.9,74.3,70.5,37.3
61,73.1,74.7,71.1,35.9
61.05,74.4,74.3,71.9,27.2
61.1,75.2,75.7,71.9,18.5
61.15,76.4,95.2,49.2,14.8
61.2,77,77.2,18.9,11
61.25,78.9,79.1,76.8,9.8
61.3,81,80.8,75.1,8.7
61.35,82.4,81.7,74.4,3.8
61.4,82.5,84.7,72.6,-1.2
61.45,83.7,85.3,80,-4.2
61.5,85.8,84.5,78.4,-7.3
61.55,85.8,85.7,58.9,-5.6
61.6,85.9,86.6,33.2,-4
61.65,86.3,85.9,82.8,0.5
61.7,86.3,86.5,84.6,4.9
61.75,87.2,87.1,84.5,7
61.8,88.6,88.7,63.9,9.1
61.85,89.5,89,50,8
61.9,89.9,89.4,82.5,6.8
61.95,90.7,90.4,88.4,6.3
62,91.3,91,92,5.9
62.05,91.5,92.6,89.8,8.2
62.1,92.8,93,91.8,10.6
62.15,93.4,94.3,74.1,12.9
62.2,94.4,94.9,73.5,15.2
62.25,95.9,95.8,93.7,17.8
62.3,97.7,96.9,55,20.4
62.35,97.9,97.5,39.1,22.7
62.4,98.3,98,93.5,25.1
62.45,99.1,98.1,96,26
62.5,96.9,96.4,96.4,27
62.55,93.4,94.2,97.4,24.2
62.6,89.8,91.5,96.3,21.3
62.65,87.1,87.9,91.4,19.9
62.7,85.4,84.7,89.7,18.5
62.75,83.2,83.5,65.9,18.5
62.8,80.8,81.4,84.7,18.5
62.85,79.1,80.4,79.8,18.8
62.9,78,80.3,84.1,19
62.95,77.7,77.9,78,18.3
63,76.8,75.4,57.8,17.6
63.05,74.7,73.2,30.9,15.9
63.1,72.3,74.8,76.6,14.3
63.15,72.5,72.5,73.5,15
63.2,71.1,70.7,70.5,15.7
63.25,68.4,69.3,69.6,14.8
63.3,65.5,64.4,68.1,13.8
63.35,66.5,66.1,66,15.2
63.4,64.5,65.8,65.1,16.6
63.45,63.9,63.4,63.9,15.5
63.5,62,61.8,62.6,14.3
63.55,60.7,61.3,63,14.5
63.6,59.1,59.6,40,14.8
63.65,57.4,58.4,58.4,15.5
63.7,56.6,56.6,57.4,16.2
63.75,54.6,73.8,14.2,16.4
63.8,54.2,53.9,54.5,16.6
63.85,52.3,52.1,21.8,16.9
63.9,45.7,44.7,51.8,17.1
63.95,48.7,60.9,20.5,16.6
64,47.9,48.3,48.8,16.2
64.05,46.3,47.4,12.1,16.2
64.1,45.3,45.5,45.8,16.2
64.15,44.1,44.3,42.6,16.2
64.2,42.7,42.3,44.5,16.2
64.25,41.5,41.5,43.3,15.5
64.3,40.1,39.6,40,14.8
64.35,39.2,39,39.6,14.5
64.4,38.4,38.6,36.8,14.3
64.45,37,37.5,18.5,14.1
64.5,36.6,36.2,37.2,13.8
64.55,35.7,35.8,31.1,13.6
64.6,35.3,35.1,36.5,13.4
64.65,34.3,34.3,36,13.6
64.7,33.4,33.6,16.4,13.8
64.75,32.8,41.6,34,14.8
64.8,32.2,32.2,33.1,15.7
64.85,31.6,32.2,12.4,16.2
64.9,30.7,40,15.1,16.6
64.95,30.1,30.2,29.7,16.9
65,29.6,29.6,29.4,17.1
65.05,28.6,42.5,28,16.9
65.1,28.1,28,28.8,16.6
65.15,27.6,27.7,28.6,16.2
65.2,27,27.2,11.6,15.7
65.25,26.2,50.9,26.5,15.9
65.3,26,25.6,25.9,16.2
65.35,25.5,25.5,26.2,16.2
65.4,25,25.2,11.2,16.2
65.45,24.4,38.1,24.5,16.2
65.5,24.3,24.1,24.5,16.2
65.55,24.1,23.8,24.7,15.2
65.6,23.7,23.9,22.9,14.3
65.65,23.1,23.6,22.9,14.1
65.7,23,23.1,22.9,13.8
65.75,22.9,22.7,22.9,15
65.8,22.6,22.7,22.8,16.2
65.85,22.3,22.6,6.9,16.2
65.9,22.1,37.6,10.9,16.2
65.95,22.2,22.2,22.2,15.9
66,22.3,22.1,22.9,15.7
66.05,22.2,22.5,22.5,16.4
66.1,22,22.3,21.5,17.1
66.15,22.1,22.3,23,18.8
66.2,21.7,22.1,21.7,20.4
66.25,21.7,21.8,22.9,20.4
66.3,21.4,21.8,7,20.4
66.35,20.8,22,21.3,22.7
66.4,20.6,21.1,21.5,25.1
66.45,20.5,20.6,20.9,24.4
66.5,20,20.2,20.4,23.7
66.55,19.7,20,6.4,23.4
66.6,19.2,20,19.8,23.2
66.65,19.1,19.2,19.5,22.5
66.7,18.8,18.9,18.5,21.8
66.75,18.6,18.9,19.3,22.3
66.8,18.6,18.9,9.9,22.7
66.85,18.2,19,18.6,23.2
66.9,18.1,19.3,19.6,23.7
66.95,18.1,19.3,19.4,28.8
67,18.2,19.4,20.5,34
67.05,18.1,19.5,18.9,38.2
67.1,18.4,19.9,11,42.4
67.15,18.2,27.3,15.3,44.1
67.2,17.9,38.4,19.1,45.7
67.25,17.5,19.4,21.2,46.7
67.3,17.4,19.2,18.8,47.6
67.35,17,18.8,6,49.5
67.4,16.5,18.2,18.7,51.4
67.45,16.1,17.9,17.7,52.3
67.5,15.4,17.1,17.4,53.2
67.55,15.2,16.7,17.5,53.5
67.6,14.7,16.5,16.1,53.7
67.65,14.4,15.9,8.9,53.7
67.7,14.1,15.4,15.5,53.7
67.75,13.8,26.3,15.6,53.7
67.8,13.2,14.6,14.8,53.7
67.85,12.8,14.3,14.6,53.7
67.9,12.5,13.7,14.4,53.7
67.95,12.2,13.7,13.4,53.5
68,12.1,13.5,4.3,53.2
68.05,12,13.1,13.2,53
68.1,11.9,13.1,13.2,52.8
68.15,11.9,13,13.1,52.3
68.2,11.8,12.8,12.8,51.8
68.25,11.7,12.8,13.3,50.9
68.3,11.6,12.7,13.2,49.9
68.35,11.6,12.9,10.4,48.5
68.4,11.6,12.9,7.2,47.1
68.45,11.7,12.6,12.8,47.1
68.5,11.6,22.8,7.3,47.1
68.55,11.7,24.1,12.7,46.9
68.6,11.5,12.4,12.3,46.7
68.65,11.5,12.3,13,46.2
68.7,11.3,12.3,12.6,45.7
68.75,11.1,12.2,12.2,45
68.8,11.1,12.3,3.9,44.3
68.85,11.1,12.2,11.9,45.3
68.9,11.2,12.1,15.9,46.2
68.95,11,20.9,12,46.7
69,11,11.9,12.1,47.1
69.05,10.8,11.8,12.4,47.1
69.1,10.7,11.7,12.4,47.1
69.15,10.6,11.5,11.5,48.8
69.2,10.4,11.7,4.3,50.4
69.25,10.3,11.7,6.7,51.8
69.3,10.6,11.5,11.6,53.2
69.35,10.4,20.9,11.8,54.4
69.4,10.4,24.1,11.8,55.6
69.45,10.4,11.6,12,56
69.5,10.4,11.6,12,56.5
69.55,10.5,11.5,12.1,56.7
69.6,10.5,11.6,11.4,57
69.65,10.5,11.8,3.8,57
69.7,10.5,11.9,12,57
69.75,10.4,11.6,9,57.2
69.8,10.6,21.4,12.1,57.4
69.85,10.7,23,11.8,57.7
69.9,10.8,11.8,12.2,57.9
69.95,10.8,12,12.6,57.7
70,11.2,12.1,12.1,57.4
70.05,11.4,12.3,5.6,57.7
70.1,11.3,12.4,7,57.9
70.15,11.5,12.8,12.9,57.9
70.2,11.5,12.8,13.2,57.9
70.25,11.4,22.1,13.2,57.9
70.3,11.3,12.6,13,57.9
70.35,11.1,12.3,13,57.9
70.4,10.7,11.9,12,57.9
70.45,10.3,11.5,10.5,58.2
70.5,9.9,11.2,5.7,58.4
70.55,9.6,10.8,10.4,58.4
70.6,9.2,10.4,7,58.4
70.65,8.7,9.8,10.2,58.2
70.7,8.4,20.1,9.7,57.9
70.75,8.1,17.4,9.1,57.9
70.8,7.8,8.8,9,57.9
70.85,7.5,8.5,8.8,57.9
70.9,7.3,8.3,8.6,57.9
70.95,7.2,8,8,57.9
71,7,7.9,7.3,57.9
71.05,7,7.8,3.9,57.9
71.1,7,7.8,4.4,57.9
71.15,6.8,7.7,7.6,57.7
71.2,6.8,7.7,6.2,57.4
71.25,6.7,7.5,7.7,57.4
71.3,6.6,17.8,7.5,57.4
71.35,6.6,15.9,7.4,57.4
71.4,6.5,14,7.5,57.4
71.45,6.4,7.1,7.3,57.4
71.5,6.2,6.9,7.3,57.4
71.55,6,6.7,7,57.2
71.6,5.6,6.5,6.7,57
71.65,5.5,6,5.9,56.7
71.7,5.2,5.8,5.3,56.5
71.75,5,5.3,3,56.5
71.8,4.7,5,2.7,56.5
71.85,4.4,4.7,2.7,56
71.9,4.1,4.3,4.3,55.6
71.95,3.7,4,3.9,55.1
72,3.3,3.6,3.6,54.6
72.05,3.3,3.6,3.6,53.2
72.1,2.9,3.1,1.9,51.8
72.15,2.4,2.7,1.4,50.6
72.2,2.4,2.7,1.4,49.5
72.25,1.9,2.1,2.2,48.5
72.3,1.9,2.1,2.2,47.6
72.35,1.9,1.9,1.8,47.1
72.4,1.4,1.3,1.3,46.7
72.45,1,1.2,1.3,46.4
72.5,0.8,1.2,1.3,46.2
72.55,0.7,1.2,1.3,46.2
72.6,0.6,1.1,1,46.2
72.65,0.5,0.9,0.8,46
72.7,0.5,0.7,0.7,45.7
72.75,0.4,0.7,0.7,45.7
72.8,0,0.7,0.7,45.7
72.85,0,0.7,0.7,45.7
72.9,0,0.7,0.7,45.7
72.95,0,0.7,0.7,45.7
73,0,0.7,0.7,45.7
73.05,0,0.6,0.6,45.7
73.1,0,0.5,0.5,45.7
73.15,0,0.5,0.5,45.5
73.2,0,0.4,0.5,45.3
73.25,0,0,0.5,45.3
73.3,0,0,0.5,45.3
73.35,0,0,0.5,45.3
73.4,0,0,0.5,45.3
73.45,0,0,0.5,45.3
73.5,0,0,0.5,45.3
73.55,0,0,0.5,45.3
73.6,0,0,0.4,45.3
73.65,0,0,0,45.3
73.7,0,0,0,45.3
73.75,0,0,0,45.3
73.8,0,0,0,45.3
73.85,0,0,0,45.3
73.9,0,0,0,45.3
73.95,0,0,0,45.3
